postcode,suburb,state,lat,lon
3067,Abbotsford,VIC,-37.800,145.000
8006,Abeckett Street,VIC,-37.810,144.960
3040,Aberfeldie,VIC,-37.760,144.900
3714,Acheron,VIC,-37.250,145.700
3833,Ada,VIC,-37.840,145.850
3984,Adams Estate,VIC,-38.320,145.540
3042,Airport West,VIC,-37.710,144.890
3021,Albanvale,VIC,-37.750,144.770
3206,Albert Park,VIC,-37.840,144.960
3020,Albion,VIC,-37.780,144.820
3714,Alexandra,VIC,-37.250,145.700
3979,Almurta,VIC,-38.430,145.560
3078,Alphington,VIC,-37.780,145.030
3018,Altona,VIC,-37.870,144.830
3025,Altona East,VIC,-37.840,144.860
3025,Altona Gate,VIC,-37.840,144.860
3028,Altona Meadows,VIC,-37.870,144.780
3025,Altona North,VIC,-37.840,144.860
3221,Anakie,VIC,-37.900,144.250
3995,Anderson,VIC,-38.530,145.450
3951,Arawata,VIC,-38.390,145.890
3995,Archies Creek,VIC,-38.530,145.450
3022,Ardeer,VIC,-37.780,144.800
3143,Armadale,VIC,-37.860,145.020
3143,Armadale North,VIC,-37.860,145.020
3099,Arthurs Creek,VIC,-37.590,145.220
3936,Arthurs Seat,VIC,-38.350,144.950
3032,Ascot Vale,VIC,-37.780,144.920
3442,Ashbourne,VIC,-37.390,144.450
3147,Ashburton,VIC,-37.860,145.080
3147,Ashwood,VIC,-37.860,145.080
3195,Aspendale,VIC,-38.030,145.100
3195,Aspendale Gardens,VIC,-38.030,145.100
3818,Athlone,VIC,-38.240,145.780
3049,Attwood,VIC,-37.670,144.890
3123,Auburn,VIC,-37.830,145.040
3122,Auburn South,VIC,-37.840,145.050
3212,Avalon,VIC,-38.020,144.410
3034,Avondale Heights,VIC,-37.740,144.820
3782,Avonsleigh,VIC,-37.920,145.470
3340,Bacchus Marsh,VIC,-37.680,144.440
3777,Badger Creek,VIC,-37.690,145.540
3183,Balaclava,VIC,-37.870,145.000
3342,Ballan,VIC,-37.600,144.230
3353,Ballarat,VIC,-37.780,144.840
3340,Balliang,VIC,-37.680,144.440
3340,Balliang East,VIC,-37.680,144.440
3926,Balnarring,VIC,-38.370,145.130
3926,Balnarring Beach,VIC,-38.370,145.130
3103,Balwyn,VIC,-37.810,145.080
3103,Balwyn East,VIC,-37.810,145.080
3104,Balwyn North,VIC,-37.790,145.070
3175,Bangholme,VIC,-38.030,145.180
3084,Banyule,VIC,-37.740,145.090
3220,Bareena,VIC,-38.180,145.110
3444,Barfold,VIC,-37.090,144.510
3451,Barkers Creek,VIC,-37.030,144.240
3221,Barrabool,VIC,-37.900,144.250
3458,Barrys Reef,VIC,-37.450,144.290
3227,Barwon Heads,VIC,-38.280,144.490
3991,Bass,VIC,-38.480,145.470
3221,Batesford,VIC,-37.900,144.250
3058,Batman,VIC,-37.730,144.960
3833,Baw Baw,VIC,-37.840,145.850
3833,Baw Baw Village,VIC,-37.840,145.850
3911,Baxter,VIC,-38.200,145.160
3981,Bayles,VIC,-38.180,145.570
3444,Baynton,VIC,-37.090,144.510
3444,Baynton East,VIC,-37.090,144.510
3153,Bayswater,VIC,-37.840,145.270
3153,Bayswater North,VIC,-37.840,145.270
3807,Beaconsfield,VIC,-38.050,145.370
3808,Beaconsfield Upper,VIC,-38.000,145.410
3193,Beaumaris,VIC,-37.990,145.030
3135,Bedford Road,VIC,-37.820,145.250
3139,Beenak,VIC,-37.800,145.540
3160,Belgrave,VIC,-37.910,145.360
3160,Belgrave Heights,VIC,-37.910,145.360
3160,Belgrave South,VIC,-37.910,145.360
3215,Bell Park,VIC,-38.110,144.330
3215,Bell Post Hill,VIC,-38.110,144.330
3221,Bellarine,VIC,-37.900,144.250
3228,Bellbrae,VIC,-38.330,144.260
3081,Bellfield,VIC,-37.750,145.050
3228,Bells Beach,VIC,-38.330,144.260
3216,Belmont,VIC,-38.180,144.340
3198,Belvedere Park,VIC,-38.110,145.160
3946,Bena,VIC,-38.430,145.720
3097,Bend Of Islands,VIC,-37.700,145.280
3552,Bendigo,VIC,-37.830,145.010
3435,Benloch,VIC,-37.190,144.690
3125,Bennettswood,VIC,-37.840,145.120
3204,Bentleigh,VIC,-37.920,145.040
3165,Bentleigh East,VIC,-37.930,145.060
3342,Beremboke,VIC,-37.600,144.230
3806,Berwick,VIC,-38.030,145.340
3753,Beveridge,VIC,-37.470,145.000
3799,Big Pats Creek,VIC,-37.760,145.750
3918,Bittern,VIC,-38.340,145.180
3193,Black Rock,VIC,-37.990,145.030
3193,Black Rock North,VIC,-37.990,145.030
3130,Blackburn,VIC,-37.820,145.150
3130,Blackburn North,VIC,-37.820,145.150
3130,Blackburn South,VIC,-37.820,145.150
3458,Blackwood,VIC,-37.450,144.290
3992,Blackwood Forest,VIC,-38.490,145.620
3942,Blairgowrie,VIC,-38.360,144.770
3342,Blakeville,VIC,-37.600,144.230
3980,Blind Bight,VIC,-38.210,145.340
3432,Bolinda,VIC,-37.430,144.780
3196,Bonbeach,VIC,-38.060,145.120
3939,Boneo,VIC,-38.400,144.900
3720,Bonnie Doon,VIC,-37.020,145.860
3163,Booran Road Po,VIC,-37.890,145.060
3155,Boronia,VIC,-37.860,145.280
3977,Botanic Ridge,VIC,-38.210,145.320
3128,Box Hill,VIC,-37.820,145.120
3128,Box Hill Central,VIC,-37.820,145.120
3129,Box Hill North,VIC,-37.800,145.130
3128,Box Hill South,VIC,-37.820,145.120
3195,Braeside,VIC,-38.030,145.100
3150,Brandon Park,VIC,-37.880,145.170
3019,Braybrook,VIC,-37.780,144.860
3019,Braybrook North,VIC,-37.780,144.860
3219,Breakwater,VIC,-38.180,144.380
3227,Breamlea,VIC,-38.280,144.490
3131,Brentford Square,VIC,-37.840,145.180
3088,Briar Hill,VIC,-37.710,145.120
3186,Brighton,VIC,-37.910,144.990
3187,Brighton East,VIC,-37.900,145.000
3186,Brighton North,VIC,-37.910,144.990
3184,Brighton Road,VIC,-37.880,145.000
3658,Broadford,VIC,-37.200,145.050
3047,Broadmeadows,VIC,-37.680,144.920
3338,Brookfield,VIC,-37.700,144.540
3012,Brooklyn,VIC,-37.810,144.850
3056,Brunswick,VIC,-37.760,144.940
3057,Brunswick East,VIC,-37.760,144.980
3056,Brunswick Lower,VIC,-37.760,144.940
3056,Brunswick North,VIC,-37.760,144.940
3055,Brunswick South,VIC,-37.770,144.940
3055,Brunswick West,VIC,-37.770,144.940
3428,Bulla,VIC,-37.640,144.800
3461,Bullarto,VIC,-37.390,144.220
3461,Bullarto South,VIC,-37.390,144.220
3105,Bulleen,VIC,-37.770,145.080
3105,Bulleen South,VIC,-37.770,145.080
3437,Bullengarook,VIC,-37.520,144.480
3342,Bunding,VIC,-37.600,144.230
3083,Bundoora,VIC,-37.700,145.070
3815,Bunyip,VIC,-38.100,145.720
3815,Bunyip North,VIC,-38.100,145.720
3121,Burnley,VIC,-37.830,145.010
3121,Burnley North,VIC,-37.830,145.010
3023,Burnside,VIC,-37.750,144.750
3023,Burnside Heights,VIC,-37.750,144.750
3125,Burwood,VIC,-37.840,145.120
3151,Burwood East,VIC,-37.860,145.140
3151,Burwood Heights,VIC,-37.860,145.140
3711,Buxton,VIC,-37.420,145.710
3442,Cadello,VIC,-37.390,144.450
3023,Cairnlea,VIC,-37.750,144.750
3037,Calder Park,VIC,-37.720,144.780
3984,Caldermeade,VIC,-38.320,145.540
3779,Cambarville,VIC,-37.560,145.890
3124,Camberwell,VIC,-37.820,145.060
3126,Camberwell East,VIC,-37.840,145.090
3124,Camberwell North,VIC,-37.820,145.060
3124,Camberwell South,VIC,-37.820,145.060
3124,Camberwell West,VIC,-37.820,145.060
3061,Campbellfield,VIC,-37.640,144.950
3451,Campbells Creek,VIC,-37.030,144.240
3977,Cannons Creek,VIC,-38.210,145.320
3126,Canterbury,VIC,-37.840,145.090
3995,Cape Paterson,VIC,-38.530,145.450
3939,Cape Schanck,VIC,-38.400,144.900
3925,Cape Woolamai,VIC,-38.540,145.340
3978,Cardinia,VIC,-38.150,145.420
3442,Carlsruhe,VIC,-37.390,144.450
3053,Carlton,VIC,-37.780,144.970
3054,Carlton North,VIC,-37.780,144.970
3053,Carlton South,VIC,-37.780,144.970
3163,Carnegie,VIC,-37.890,145.060
3023,Caroline Springs,VIC,-37.750,144.750
3197,Carrum,VIC,-38.080,145.120
3201,Carrum Downs,VIC,-38.090,145.190
3777,Castella,VIC,-37.690,145.540
3450,Castlemaine,VIC,-37.060,144.220
3981,Catani,VIC,-38.180,145.570
3714,Cathkin,VIC,-37.250,145.700
3162,Caulfield,VIC,-37.880,145.030
3145,Caulfield East,VIC,-37.880,145.040
3161,Caulfield Junction,VIC,-38.030,145.310
3161,Caulfield North,VIC,-38.030,145.310
3162,Caulfield South,VIC,-37.880,145.030
3660,Caveat,VIC,-37.090,145.500
3145,Central Park,VIC,-37.880,145.040
3221,Ceres,VIC,-37.900,144.250
3148,Chadstone,VIC,-37.890,145.080
3148,Chadstone Centre,VIC,-37.890,145.080
3196,Chelsea,VIC,-38.060,145.120
3196,Chelsea Heights,VIC,-38.060,145.120
3192,Cheltenham,VIC,-37.960,145.060
3192,Cheltenham East,VIC,-37.960,145.060
3192,Cheltenham North,VIC,-37.960,145.060
3434,Cherokee,VIC,-37.390,144.640
3451,Chewton,VIC,-37.030,144.240
3451,Chewton Bushlands,VIC,-37.030,144.240
3756,Chintin,VIC,-37.400,144.800
3116,Chirnside Park,VIC,-37.750,145.330
3775,Christmas Hills,VIC,-37.650,145.320
3777,Chum Creek,VIC,-37.690,145.540
3925,Churchill Island,VIC,-38.540,145.340
3169,Clarinda,VIC,-37.940,145.100
3430,Clarkefield,VIC,-37.480,144.750
3168,Clayton,VIC,-37.930,145.120
3169,Clayton South,VIC,-37.940,145.100
3782,Clematis,VIC,-37.920,145.470
3068,Clifton Hill,VIC,-37.790,144.990
3222,Clifton Springs,VIC,-38.160,144.560
3658,Clonbinane,VIC,-37.200,145.050
3978,Clyde,VIC,-38.150,145.420
3978,Clyde North,VIC,-38.150,145.420
3461,Clydesdale,VIC,-37.390,144.220
3165,Coatesville,VIC,-37.930,145.060
3442,Cobaw,VIC,-37.390,144.450
3058,Coburg,VIC,-37.730,144.960
3058,Coburg North,VIC,-37.730,144.960
3781,Cockatoo,VIC,-37.940,145.490
3030,Cocoroc,VIC,-37.970,144.580
3340,Coimadai,VIC,-37.680,144.440
3342,Colbrook,VIC,-37.600,144.230
3770,Coldstream,VIC,-37.720,145.380
3066,Collingwood,VIC,-37.800,144.980
3066,Collingwood North,VIC,-37.800,144.980
3227,Connewarre,VIC,-38.280,144.490
3048,Coolaroo,VIC,-37.650,144.930
3461,Coomoora,VIC,-37.390,144.220
3814,Cora Lynn,VIC,-38.150,145.610
3984,Corinella,VIC,-38.320,145.540
3214,Corio,VIC,-38.070,144.360
3984,Coronet Bay,VIC,-38.320,145.540
3101,Cotham,VIC,-37.810,145.040
3099,Cottles Bridge,VIC,-37.590,145.220
3922,Cowes,VIC,-38.450,145.240
3064,Craigieburn,VIC,-37.600,144.940
3977,Cranbourne,VIC,-38.210,145.320
3977,Cranbourne East,VIC,-38.210,145.320
3977,Cranbourne North,VIC,-38.210,145.320
3977,Cranbourne South,VIC,-38.210,145.320
3977,Cranbourne West,VIC,-38.210,145.320
3121,Cremorne,VIC,-37.830,145.010
3919,Crib Point,VIC,-38.370,145.200
3193,Cromer,VIC,-37.990,145.030
3136,Croydon,VIC,-37.800,145.280
3136,Croydon Hills,VIC,-37.800,145.280
3136,Croydon North,VIC,-37.800,145.280
3136,Croydon South,VIC,-37.800,145.280
3714,Crystal Creek,VIC,-37.250,145.700
3222,Curlewis,VIC,-38.160,144.560
3341,Dales Creek,VIC,-37.520,144.310
3047,Dallas,VIC,-37.680,144.920
3981,Dalmore,VIC,-38.180,145.570
3992,Dalyston,VIC,-38.490,145.620
3175,Dandenong,VIC,-38.030,145.180
3175,Dandenong East,VIC,-38.030,145.180
3175,Dandenong North,VIC,-38.030,145.180
3175,Dandenong Plaza,VIC,-38.030,145.180
3164,Dandenong South,VIC,-38.020,145.240
3340,Darley,VIC,-37.680,144.440
3145,Darling,VIC,-37.880,145.040
3145,Darling South,VIC,-37.880,145.040
3756,Darraweit Guim,VIC,-37.400,144.800
3217,Deakin University,VIC,-38.200,144.300
3023,Deer Park,VIC,-37.750,144.750
3022,Deer Park East,VIC,-37.780,144.800
3023,Deer Park North,VIC,-37.750,144.750
3037,Delahey,VIC,-37.720,144.780
3186,Dendy,VIC,-37.910,144.990
3461,Denver,VIC,-37.390,144.220
3030,Derrimut,VIC,-37.970,144.580
3714,Devils River,VIC,-37.250,145.700
3977,Devon Meadows,VIC,-38.210,145.320
3808,Dewhurst,VIC,-38.000,145.410
3089,Diamond Creek,VIC,-37.640,145.220
3427,Diggers Rest,VIC,-37.630,144.720
3172,Dingley Village,VIC,-37.970,145.120
3775,Dixons Creek,VIC,-37.650,145.320
3008,Docklands,VIC,-37.810,144.950
3139,Don Valley,VIC,-37.800,145.540
3108,Doncaster,VIC,-37.780,145.120
3109,Doncaster East,VIC,-37.810,145.190
3109,Doncaster Heights,VIC,-37.810,145.190
3064,Donnybrook,VIC,-37.600,144.940
3111,Donvale,VIC,-38.180,144.470
3754,Doreen,VIC,-37.620,145.150
3177,Doveton,VIC,-38.000,145.240
3936,Dromana,VIC,-38.350,144.950
3660,Dropmore,VIC,-37.090,145.500
3818,Drouin,VIC,-38.240,145.780
3818,Drouin East,VIC,-38.240,145.780
3818,Drouin South,VIC,-38.240,145.780
3818,Drouin West,VIC,-38.240,145.780
3215,Drumcondra,VIC,-38.110,144.330
3461,Drummond,VIC,-37.390,144.220
3446,Drummond North,VIC,-37.200,144.290
3461,Dry Diggings,VIC,-37.390,144.220
3222,Drysdale,VIC,-38.160,144.560
3175,Dunearn,VIC,-38.030,145.180
3342,Durdidwarrah,VIC,-37.600,144.230
3084,Eaglemont,VIC,-37.740,145.090
3219,East Geelong,VIC,-38.180,144.380
3002,East Melbourne,VIC,-37.820,144.990
3799,East Warburton,VIC,-37.760,145.750
3757,Eden Park,VIC,-37.450,145.110
3444,Edgecombe,VIC,-37.090,144.510
3196,Edithvale,VIC,-38.060,145.120
3461,Eganstown,VIC,-37.390,144.220
3461,Elevated Plains,VIC,-37.390,144.220
3448,Elphinstone,VIC,-37.110,144.340
3185,Elsternwick,VIC,-37.880,145.000
3095,Eltham,VIC,-37.710,145.150
3095,Eltham North,VIC,-37.710,145.150
3184,Elwood,VIC,-37.880,145.000
3782,Emerald,VIC,-37.920,145.470
3802,Endeavour Hills,VIC,-37.980,145.250
3076,Epping,VIC,-37.640,145.010
3076,Epping DC,VIC,-37.640,145.010
3040,Essendon,VIC,-37.760,144.900
3041,Essendon Fields,VIC,-37.740,144.910
3041,Essendon North,VIC,-37.740,144.910
3040,Essendon West,VIC,-37.760,144.900
3177,Eumemmerring,VIC,-38.000,145.240
3338,Exford,VIC,-37.700,144.540
3338,Eynesbury,VIC,-37.700,144.540
3951,Fairbank,VIC,-38.390,145.890
3078,Fairfield,VIC,-37.780,145.030
3451,Faraday,VIC,-37.030,144.240
3714,Fawcett,VIC,-37.250,145.700
3060,Fawkner,VIC,-37.760,144.900
3060,Fawkner East,VIC,-37.760,144.900
3060,Fawkner North,VIC,-37.760,144.900
3458,Fern Hill,VIC,-37.450,144.290
3778,Fernshaw,VIC,-37.630,145.700
3156,Ferntree Gully,VIC,-37.880,145.300
3786,Ferny Creek,VIC,-37.880,145.340
3939,Fingal,VIC,-38.400,144.900
3342,Fiskville,VIC,-37.600,144.230
3065,Fitzroy,VIC,-37.800,144.980
3068,Fitzroy North,VIC,-37.790,144.990
3031,Flemington,VIC,-37.790,144.930
3929,Flinders,VIC,-38.470,145.020
8009,Flinders Lane,VIC,-37.820,144.960
3658,Flowerdale,VIC,-37.200,145.050
3011,Footscray,VIC,-37.800,144.900
3764,Forbes,VIC,-37.310,144.890
3131,Forest Hill,VIC,-37.840,145.180
3805,Fountain Gate,VIC,-38.020,145.300
3461,Franklinford,VIC,-37.390,144.220
3199,Frankston,VIC,-38.150,145.120
3199,Frankston East,VIC,-38.150,145.120
3199,Frankston Heights,VIC,-38.150,145.120
3200,Frankston North,VIC,-38.170,145.190
3199,Frankston South,VIC,-38.150,145.120
3921,French Island,VIC,-38.340,145.340
3216,Freshwater Creek,VIC,-38.180,144.340
3451,Fryerstown,VIC,-37.030,144.240
3221,Fyansford,VIC,-37.900,144.250
3207,Garden City,VIC,-37.830,144.960
3185,Gardenvale,VIC,-37.880,145.000
3814,Garfield,VIC,-38.150,145.610
3814,Garfield North,VIC,-38.150,145.610
3220,Geelong,VIC,-38.180,145.110
3221,Geelong MC,VIC,-37.900,144.250
3215,Geelong North,VIC,-38.110,144.330
3218,Geelong West,VIC,-38.140,144.350
3783,Gembrook,VIC,-37.950,145.550
3833,Gentle Annie,VIC,-37.840,145.850
3717,Ghin Ghin,VIC,-37.340,145.290
3072,Gilberton,VIC,-37.740,145.030
3797,Gilderoy,VIC,-37.860,145.710
3437,Gisborne,VIC,-37.520,144.480
3437,Gisborne South,VIC,-37.520,144.480
3043,Gladstone Park,VIC,-37.690,144.880
3797,Gladysdale,VIC,-37.860,145.710
3979,Glen Alvie,VIC,-38.430,145.560
3990,Glen Forbes,VIC,-38.450,145.530
3163,Glen Huntly,VIC,-37.890,145.060
3146,Glen Iris,VIC,-37.850,145.070
3150,Glen Waverley,VIC,-37.880,145.170
3764,Glenaroua,VIC,-37.310,144.890
3717,Glenburn,VIC,-37.340,145.290
3122,Glenferrie South,VIC,-37.840,145.050
3020,Glengala,VIC,-37.780,144.820
3444,Glenhope,VIC,-37.090,144.510
3522,Glenhope East,VIC,-37.130,144.750
3451,Glenluce,VIC,-37.030,144.240
3461,Glenlyon,VIC,-37.390,144.220
3340,Glenmore,VIC,-37.680,144.440
3046,Glenroy,VIC,-37.700,144.920
3221,Gnarwarre,VIC,-37.900,144.250
3719,Gobur,VIC,-37.010,145.620
3451,Golden Point,VIC,-37.030,144.240
3435,Goldie,VIC,-37.190,144.690
3043,Gowanbrae,VIC,-37.690,144.880
3451,Gower,VIC,-37.030,144.240
3984,Grantville,VIC,-38.320,145.540
3341,Greendale,VIC,-37.520,144.310
3444,Greenhill,VIC,-37.090,144.510
3088,Greensborough,VIC,-37.710,145.120
3059,Greenvale,VIC,-37.640,144.890
3221,Grey River,VIC,-37.900,144.250
3104,Greythorn,VIC,-37.790,145.070
3216,Grovedale,VIC,-38.180,144.340
3216,Grovedale East,VIC,-38.180,144.340
3770,Gruyere,VIC,-37.720,145.380
3451,Guildford,VIC,-37.030,144.240
3807,Guys Hill,VIC,-38.050,145.370
3046,Hadfield,VIC,-37.700,144.920
3803,Hallam,VIC,-38.000,145.270
3818,Hallora,VIC,-38.240,145.780
3215,Hamlyn Heights,VIC,-38.110,144.330
3188,Hampton,VIC,-37.930,145.030
3188,Hampton East,VIC,-37.930,145.030
3188,Hampton North,VIC,-37.930,145.030
3976,Hampton Park,VIC,-38.030,145.270
3453,Harcourt,VIC,-37.000,144.260
3453,Harcourt North,VIC,-37.000,144.260
3806,Harkaway,VIC,-38.030,145.340
3995,Harmers Haven,VIC,-38.530,145.450
3124,Hartwell,VIC,-37.820,145.060
3915,Hastings,VIC,-38.310,145.190
3142,Hawksburn,VIC,-37.840,145.000
3122,Hawthorn,VIC,-37.840,145.050
3123,Hawthorn East,VIC,-37.830,145.040
3122,Hawthorn North,VIC,-37.840,145.050
3122,Hawthorn West,VIC,-37.840,145.050
3658,Hazeldene,VIC,-37.200,145.050
3777,Healesville,VIC,-37.690,145.540
3777,Healesville Main Street,VIC,-37.690,145.540
3777,Healesville Post Shop,VIC,-37.690,145.540
3981,Heath Hill,VIC,-38.180,145.570
3758,Heathcote Junction,VIC,-37.380,145.030
3202,Heatherton,VIC,-37.970,145.210
3135,Heathmont,VIC,-37.820,145.250
3134,Heathwood,VIC,-37.810,145.230
3967,Hedley,VIC,-37.690,144.960
3084,Heidelberg,VIC,-37.740,145.090
3081,Heidelberg Heights,VIC,-37.750,145.050
3081,Heidelberg Rgh,VIC,-37.750,145.050
3081,Heidelberg West,VIC,-37.750,145.050
3461,Hepburn,VIC,-37.390,144.220
3461,Hepburn Springs,VIC,-37.390,144.220
3218,Herne Hill,VIC,-38.140,144.350
3442,Hesket,VIC,-37.390,144.450
3764,High Camp,VIC,-37.310,144.890
3190,Highett,VIC,-37.950,145.030
3660,Highlands,VIC,-37.090,145.500
3032,Highpoint City,VIC,-37.780,144.920
3216,Highton,VIC,-38.180,144.340
3660,Hilldene,VIC,-37.090,145.500
3037,Hillside,VIC,-37.720,144.780
3139,Hoddles Creek,VIC,-37.800,145.540
3148,Holmesglen,VIC,-37.890,145.080
3717,Homewood,VIC,-37.340,145.290
3162,Hopetoun Gardens,VIC,-37.880,145.030
3340,Hopetoun Park,VIC,-37.680,144.440
3029,Hoppers Crossing,VIC,-37.880,144.700
3051,Hotham Hill,VIC,-37.910,145.060
3128,Houston,VIC,-37.820,145.120
3166,Hughesdale,VIC,-37.900,145.080
3757,Humevale,VIC,-37.450,145.110
3166,Huntingdale,VIC,-37.900,145.080
3099,Hurstbridge,VIC,-37.590,145.220
3833,Icy Creek,VIC,-37.840,145.850
3223,Indented Head,VIC,-38.140,144.710
3342,Ingliston,VIC,-37.600,144.230
3815,Iona,VIC,-38.100,145.720
3451,Irishtown,VIC,-37.030,144.240
3079,Ivanhoe,VIC,-37.770,145.040
3079,Ivanhoe East,VIC,-37.770,145.040
3079,Ivanhoe North,VIC,-37.770,145.040
3047,Jacana,VIC,-37.680,144.920
3984,Jam Jerrup,VIC,-38.320,145.540
3228,Jan Juc,VIC,-38.330,144.260
3945,Jeetho,VIC,-37.970,145.160
3818,Jindivick,VIC,-38.240,145.780
3148,Jordanville,VIC,-37.890,145.080
3951,Jumbunna,VIC,-38.390,145.890
3977,Junction Village,VIC,-38.210,145.320
3064,Kalkallo,VIC,-37.600,144.940
3791,Kallista,VIC,-37.900,145.410
3766,Kalorama,VIC,-37.820,145.370
3097,Kangaroo Ground,VIC,-37.700,145.280
3719,Kanumbra,VIC,-37.010,145.620
3951,Kardella,VIC,-38.390,145.890
3950,Kardella South,VIC,-38.450,145.880
3199,Karingal,VIC,-38.150,145.120
3199,Karingal Centre,VIC,-38.150,145.120
3021,Kealba,VIC,-37.750,144.770
3036,Keilor,VIC,-37.720,144.830
3038,Keilor Downs,VIC,-37.730,144.810
3033,Keilor East,VIC,-37.740,144.800
3038,Keilor Lodge,VIC,-37.730,144.810
3036,Keilor North,VIC,-37.720,144.830
3042,Keilor Park,VIC,-37.710,144.890
3221,Kennett River,VIC,-37.900,144.250
3031,Kensington,VIC,-37.790,144.930
3073,Keon Park,VIC,-37.690,145.010
3979,Kernot,VIC,-38.430,145.560
3434,Kerrie,VIC,-37.390,144.640
3129,Kerrimuir,VIC,-37.800,145.130
3660,Kerrisdale,VIC,-37.090,145.500
3101,Kew,VIC,-37.810,145.040
3102,Kew East,VIC,-37.800,145.050
3173,Keysborough,VIC,-37.990,145.150
3995,Kilcunda,VIC,-38.530,145.450
3717,Killingworth,VIC,-37.340,145.290
3764,Kilmore,VIC,-37.310,144.890
3764,Kilmore East,VIC,-37.310,144.890
3137,Kilsyth,VIC,-37.800,145.310
3137,Kilsyth South,VIC,-37.800,145.310
3763,Kinglake,VIC,-37.480,145.280
3757,Kinglake Central,VIC,-37.450,145.110
3757,Kinglake West,VIC,-37.450,145.110
3021,Kings Park,VIC,-37.750,144.770
3083,Kingsbury,VIC,-37.700,145.070
3012,Kingsville,VIC,-37.810,144.850
3012,Kingsville West,VIC,-37.810,144.850
3152,Knox City Centre,VIC,-37.870,145.240
3180,Knoxfield,VIC,-37.890,145.250
3951,Kongwak,VIC,-38.390,145.890
3981,Koo Wee Rup,VIC,-38.180,145.570
3981,Koo Wee Rup North,VIC,-38.180,145.570
3144,Kooyong,VIC,-37.840,145.030
3714,Koriella,VIC,-37.250,145.700
3341,Korobeit,VIC,-37.520,144.310
3950,Korumburra,VIC,-38.450,145.880
3950,Korumburra South,VIC,-38.450,145.880
3461,Korweinguboora,VIC,-37.390,144.220
3945,Krowera,VIC,-37.970,145.160
3930,Kunyung,VIC,-38.190,145.080
3337,Kurunjang,VIC,-37.680,144.590
3619,Kyabram,VIC,-37.660,144.940
3444,Kyneton,VIC,-37.090,144.510
3444,Kyneton South,VIC,-37.090,144.510
3083,La Trobe University,VIC,-37.700,145.070
3816,Labertouche,VIC,-38.050,145.830
3130,Laburnum,VIC,-37.820,145.150
3075,Lalor,VIC,-37.670,145.020
3075,Lalor Plaza,VIC,-37.670,145.020
3995,Lance Creek,VIC,-38.530,145.450
3435,Lancefield,VIC,-37.190,144.690
3984,Lang Lang,VIC,-38.320,145.540
3984,Lang Lang East,VIC,-38.320,145.540
3444,Langley,VIC,-37.090,144.510
3910,Langwarrin,VIC,-38.150,145.190
3911,Langwarrin South,VIC,-38.200,145.160
3212,Lara,VIC,-38.020,144.410
3139,Launching Place,VIC,-37.800,145.540
3444,Lauriston,VIC,-37.090,144.510
3028,Laverton,VIC,-37.870,144.780
3026,Laverton North,VIC,-37.840,144.800
3461,Leonards Hill,VIC,-37.390,144.220
3224,Leopold,VIC,-38.180,144.460
3458,Lerderderg,VIC,-37.450,144.290
3140,Lilydale,VIC,-37.760,145.350
3717,Limestone,VIC,-37.340,145.290
3458,Little Hampton,VIC,-37.450,144.290
8011,Little Lonsdale Street,VIC,-37.810,144.960
3211,Little River,VIC,-37.970,144.530
3945,Loch,VIC,-37.970,145.160
3833,Loch Valley,VIC,-37.840,145.850
3340,Long Forest,VIC,-37.680,144.440
3816,Longwarry,VIC,-38.050,145.830
3816,Longwarry North,VIC,-38.050,145.830
3221,Lovely Banks,VIC,-37.900,144.250
3093,Lower Plenty,VIC,-37.730,145.090
3444,Lyal,VIC,-37.090,144.510
3057,Lygon Street North,VIC,-37.760,144.980
3975,Lynbrook,VIC,-38.050,145.260
3975,Lyndhurst,VIC,-38.050,145.260
3461,Lyonville,VIC,-37.390,144.220
3156,Lysterfield,VIC,-37.880,145.300
3156,Lysterfield South,VIC,-37.880,145.300
3782,Macclesfield,VIC,-37.920,145.470
3440,Macedon,VIC,-37.400,144.590
3085,Macleod,VIC,-37.730,145.070
3085,Macleod West,VIC,-37.730,145.070
3340,Maddingley,VIC,-37.680,144.440
3012,Maidstone,VIC,-37.810,144.850
3928,Main Ridge,VIC,-38.400,144.970
3714,Maintongoon,VIC,-37.250,145.700
3446,Malmsbury,VIC,-37.200,144.290
3144,Malvern,VIC,-37.840,145.030
3145,Malvern East,VIC,-37.880,145.040
3144,Malvern North,VIC,-37.840,145.030
3024,Mambourin,VIC,-37.900,144.560
3218,Manifold Heights,VIC,-38.140,144.350
3222,Mannerim,VIC,-38.160,144.560
3222,Marcus Hill,VIC,-38.160,144.560
3032,Maribyrnong,VIC,-37.780,144.920
3216,Marshall,VIC,-38.180,144.340
3812,Maryknoll,VIC,-38.040,145.610
3779,Marysville,VIC,-37.560,145.890
3938,Mccrae,VIC,-37.990,145.220
3451,Mckenzie Hill,VIC,-37.030,144.240
3204,Mckinnon,VIC,-37.920,145.040
3799,Mcmahons Creek,VIC,-37.760,145.750
3048,Meadow Heights,VIC,-37.650,144.930
3000,Melbourne,VIC,-37.810,144.970
3045,Melbourne Airport,VIC,-37.670,144.830
3052,Melbourne University,VIC,-37.800,144.960
3337,Melton,VIC,-37.680,144.590
3338,Melton South,VIC,-37.700,144.540
3337,Melton West,VIC,-37.680,144.590
3194,Mentone,VIC,-37.980,145.060
3194,Mentone East,VIC,-37.980,145.060
3159,Menzies Creek,VIC,-37.920,145.400
3058,Merlynston,VIC,-37.730,144.960
3754,Mernda,VIC,-37.620,145.150
3916,Merricks,VIC,-38.390,145.090
3926,Merricks Beach,VIC,-38.370,145.130
3926,Merricks North,VIC,-38.370,145.130
3340,Merrimu,VIC,-37.680,144.440
3448,Metcalfe,VIC,-37.110,144.340
3444,Metcalfe East,VIC,-37.090,144.510
3444,Mia Mia,VIC,-37.090,144.510
3064,Mickleham,VIC,-37.600,144.940
3124,Middle Camberwell,VIC,-37.820,145.060
3206,Middle Park,VIC,-37.840,144.960
3502,Mildura,VIC,-37.970,145.260
3082,Mill Park,VIC,-37.670,145.060
3799,Millgrove,VIC,-37.760,145.750
3132,Mitcham,VIC,-37.820,145.190
3132,Mitcham North,VIC,-37.820,145.190
3816,Modella,VIC,-38.050,145.830
3718,Molesworth,VIC,-37.130,145.530
3800,Monash University,VIC,-37.910,145.130
3793,Monbulk,VIC,-37.870,145.410
3984,Monomeith,VIC,-38.320,145.540
3127,Mont Albert,VIC,-37.820,145.100
3129,Mont Albert North,VIC,-37.800,145.130
3094,Montmorency,VIC,-37.720,145.120
3765,Montrose,VIC,-37.810,145.340
3221,Moolap,VIC,-37.900,144.250
3039,Moonee Ponds,VIC,-37.770,144.920
3055,Moonee Vale,VIC,-37.770,144.940
3450,Moonlight Flat,VIC,-37.060,144.220
3189,Moorabbin,VIC,-37.930,145.040
3194,Moorabbin Airport,VIC,-37.980,145.060
3189,Moorabbin East,VIC,-37.930,145.040
3221,Moorabool,VIC,-37.900,144.250
3933,Moorooduc,VIC,-38.240,145.090
3138,Mooroolbark,VIC,-37.770,145.330
3764,Moranding,VIC,-37.310,144.890
3752,Morang South,VIC,-37.650,145.100
3195,Mordialloc,VIC,-38.030,145.100
3195,Mordialloc North,VIC,-38.030,145.100
3058,Moreland,VIC,-37.730,144.960
3055,Moreland West,VIC,-37.770,144.940
3931,Mornington,VIC,-38.240,145.060
3781,Mount Burnett,VIC,-37.940,145.490
3024,Mount Cottrell,VIC,-37.900,144.560
3767,Mount Dandenong,VIC,-37.840,145.360
3216,Mount Duneed,VIC,-38.180,144.340
3930,Mount Eliza,VIC,-38.190,145.080
3796,Mount Evelyn,VIC,-37.790,145.380
3461,Mount Franklin,VIC,-37.390,144.220
3441,Mount Macedon,VIC,-37.400,144.590
3934,Mount Martha,VIC,-38.300,144.990
3777,Mount Toolebewong,VIC,-37.690,145.540
3342,Mount Wallace,VIC,-37.600,144.230
3149,Mount Waverley,VIC,-37.880,145.130
3156,Mountain Gate,VIC,-37.880,145.300
3988,Mountain View,VIC,-38.290,145.890
3951,Moyarra,VIC,-38.390,145.890
3451,Muckleford,VIC,-37.030,144.240
3170,Mulgrave,VIC,-37.870,145.100
3221,Murgheboluc,VIC,-37.900,144.250
3717,Murrindindi,VIC,-37.340,145.290
3163,Murrumbeena,VIC,-37.890,145.060
3461,Musk,VIC,-37.390,144.220
3461,Musk Vale,VIC,-37.390,144.220
3341,Myrniong,VIC,-37.520,144.310
3444,Myrtle Creek,VIC,-37.090,144.510
3781,Nangana,VIC,-37.940,145.490
3812,Nar Nar Goon,VIC,-38.040,145.610
3812,Nar Nar Goon North,VIC,-38.040,145.610
3778,Narbethong,VIC,-37.630,145.700
3805,Narre Warren,VIC,-38.020,145.300
3804,Narre Warren East,VIC,-37.970,145.360
3804,Narre Warren North,VIC,-37.970,145.360
3805,Narre Warren South,VIC,-38.020,145.300
3438,New Gisborne,VIC,-37.460,144.600
3458,Newbury,VIC,-37.450,144.290
3219,Newcomb,VIC,-38.180,144.380
3442,Newham,VIC,-37.390,144.450
3925,Newhaven,VIC,-38.540,145.340
3015,Newport,VIC,-37.840,144.880
3220,Newtown,VIC,-38.180,145.110
3042,Niddrie,VIC,-37.710,144.890
3174,Noble Park,VIC,-37.970,145.180
3174,Noble Park East,VIC,-37.970,145.180
3174,Noble Park North,VIC,-37.970,145.180
3833,Noojee,VIC,-37.840,145.850
3214,Norlane,VIC,-38.070,144.360
3458,North Blackwood,VIC,-37.450,144.290
3215,North Geelong,VIC,-38.110,144.330
3051,North Melbourne,VIC,-37.910,145.060
3187,North Road,VIC,-37.900,145.000
3214,North Shore,VIC,-38.070,144.360
3113,North Warrandyte,VIC,-37.730,145.220
3995,North Wonthaggi,VIC,-38.530,145.450
3070,Northcote,VIC,-37.770,145.000
3070,Northcote South,VIC,-37.770,145.000
3072,Northland Centre,VIC,-37.740,145.030
3660,Northwood,VIC,-37.090,145.500
3168,Notting Hill,VIC,-37.930,145.120
3435,Nulla Vale,VIC,-37.190,144.690
3131,Nunawading,VIC,-37.840,145.180
3099,Nutfield,VIC,-37.590,145.220
3987,Nyora,VIC,-38.330,145.670
3046,Oak Park,VIC,-37.700,144.920
3063,Oaklands Junction,VIC,-37.630,144.840
3166,Oakleigh,VIC,-37.900,145.080
3166,Oakleigh East,VIC,-37.900,145.080
3167,Oakleigh South,VIC,-37.930,145.100
3226,Ocean Grove,VIC,-38.270,144.540
3809,Officer,VIC,-38.060,145.410
3809,Officer South,VIC,-38.060,145.410
3788,Olinda,VIC,-37.860,145.360
3204,Ormond,VIC,-37.920,145.040
3951,Outtrim,VIC,-38.390,145.890
3810,Pakenham,VIC,-38.080,145.490
3810,Pakenham South,VIC,-38.080,145.490
3810,Pakenham Upper,VIC,-38.080,145.490
3759,Panton Hill,VIC,-37.640,145.240
3114,Park Orchards,VIC,-37.780,145.210
3195,Parkdale,VIC,-38.030,145.100
3052,Parkville,VIC,-37.800,144.960
3340,Parwan,VIC,-37.680,144.440
3044,Pascoe Vale,VIC,-37.730,144.940
3044,Pascoe Vale South,VIC,-37.730,144.940
3444,Pastoria,VIC,-37.090,144.510
3444,Pastoria East,VIC,-37.090,144.510
3204,Patterson,VIC,-37.920,145.040
3197,Patterson Lakes,VIC,-38.080,145.120
3912,Pearcedale,VIC,-38.200,145.230
3341,Pentland Hills,VIC,-37.520,144.310
3757,Pheasant Creek,VIC,-37.450,145.110
3833,Piedmont,VIC,-37.840,145.850
3200,Pines Forest,VIC,-38.170,145.190
3149,Pinewood,VIC,-37.880,145.130
3984,Pioneer Bay,VIC,-38.320,145.540
3444,Pipers Creek,VIC,-37.090,144.510
3090,Plenty,VIC,-37.670,145.120
3335,Plumpton,VIC,-37.690,144.690
3030,Point Cook,VIC,-37.970,144.580
3916,Point Leo,VIC,-38.390,145.090
3225,Point Lonsdale,VIC,-38.290,144.610
3212,Point Wilson,VIC,-38.020,144.410
3988,Poowong,VIC,-38.290,145.890
3988,Poowong East,VIC,-38.290,145.890
3988,Poowong North,VIC,-38.290,145.890
3461,Porcupine Ridge,VIC,-37.390,144.220
3207,Port Melbourne,VIC,-37.830,144.960
3223,Portarlington,VIC,-38.140,144.710
3944,Portsea,VIC,-38.340,144.710
3797,Powelltown,VIC,-37.860,145.710
3181,Prahran,VIC,-37.850,144.990
3181,Prahran East,VIC,-37.850,144.990
3072,Preston,VIC,-37.740,145.030
3072,Preston Lower,VIC,-37.740,145.030
3072,Preston South,VIC,-37.740,145.030
3072,Preston West,VIC,-37.740,145.030
3054,Princes Hill,VIC,-37.780,144.970
3521,Pyalong,VIC,-37.120,144.880
3030,Quandong,VIC,-37.970,144.580
3225,Queenscliff,VIC,-38.290,144.610
3984,Queensferry,VIC,-38.320,145.540
3951,Ranceby,VIC,-38.390,145.890
3132,Rangeview,VIC,-37.820,145.190
3023,Ravenhall,VIC,-37.750,144.750
3453,Ravenswood,VIC,-37.000,144.260
3453,Ravenswood South,VIC,-37.000,144.260
3937,Red Hill,VIC,-38.370,145.010
3937,Red Hill South,VIC,-38.370,145.010
3444,Redesdale,VIC,-37.090,144.510
3658,Reedy Creek,VIC,-37.200,145.050
3799,Reefton,VIC,-37.760,145.750
3072,Regent West,VIC,-37.740,145.030
3095,Research,VIC,-37.710,145.150
3073,Reservoir,VIC,-37.690,145.010
3073,Reservoir East,VIC,-37.690,145.010
3073,Reservoir North,VIC,-37.690,145.010
3073,Reservoir South,VIC,-37.690,145.010
3923,Rhyll,VIC,-38.460,145.310
3121,Richmond,VIC,-37.830,145.010
3121,Richmond East,VIC,-37.830,145.010
3121,Richmond North,VIC,-37.830,145.010
3121,Richmond South,VIC,-37.830,145.010
3431,Riddells Creek,VIC,-37.460,144.670
3134,Ringwood,VIC,-37.810,145.230
3135,Ringwood East,VIC,-37.820,145.250
3134,Ringwood North,VIC,-37.810,145.230
3818,Ripplebrook,VIC,-38.240,145.780
3215,Rippleside,VIC,-38.110,144.330
3185,Ripponlea,VIC,-37.880,145.000
3019,Robinson,VIC,-37.780,144.860
3442,Rochford,VIC,-37.390,144.450
3335,Rockbank,VIC,-37.690,144.690
3434,Romsey,VIC,-37.390,144.640
3084,Rosanna,VIC,-37.740,145.090
3939,Rosebud,VIC,-38.400,144.900
3939,Rosebud Plaza,VIC,-38.400,144.900
3340,Rowsley,VIC,-37.680,144.440
3178,Rowville,VIC,-37.930,145.240
3064,Roxburgh Park,VIC,-37.600,144.940
3050,Royal Melbourne Hospital,VIC,-37.800,144.960
3712,Rubicon,VIC,-37.330,145.860
3992,Ryanston,VIC,-38.490,145.620
3941,Rye,VIC,-38.370,144.820
3810,Rythdale,VIC,-38.080,145.490
3936,Safety Beach,VIC,-38.350,144.950
3461,Sailors Falls,VIC,-37.390,144.220
3461,Sailors Hill,VIC,-37.390,144.220
3925,San Remo,VIC,-38.540,145.340
3977,Sandhurst,VIC,-38.210,145.320
3171,Sandown Village,VIC,-37.950,145.160
3191,Sandringham,VIC,-37.950,145.010
3787,Sassafras,VIC,-37.880,145.370
3787,Sassafras Gully,VIC,-37.880,145.370
3179,Scoresby,VIC,-37.860,145.260
3028,Seabrook,VIC,-37.870,144.780
3198,Seaford,VIC,-38.110,145.160
3018,Seaholme,VIC,-37.870,144.830
3011,Seddon,VIC,-37.800,144.900
3011,Seddon West,VIC,-37.800,144.900
3159,Selby,VIC,-37.920,145.400
3221,Separation Creek,VIC,-37.900,144.250
3139,Seville,VIC,-37.800,145.540
3139,Seville East,VIC,-37.800,145.540
3660,Seymour,VIC,-37.090,145.500
3660,Seymour South,VIC,-37.090,145.500
3461,Shepherds Flat,VIC,-37.390,144.220
3789,Sherbrooke,VIC,-37.880,145.360
3916,Shoreham,VIC,-38.390,145.090
3444,Sidonia,VIC,-37.090,144.510
3795,Silvan,VIC,-37.840,145.410
3922,Silverleaves,VIC,-38.450,145.240
3977,Skye,VIC,-38.210,145.320
3922,Smiths Beach,VIC,-38.450,145.240
3760,Smiths Gully,VIC,-37.620,145.290
3927,Somers,VIC,-38.380,145.150
3062,Somerton,VIC,-37.640,144.940
3912,Somerville,VIC,-38.200,145.230
3943,Sorrento,VIC,-38.340,144.740
3995,South Dudley,VIC,-38.530,145.450
3220,South Geelong,VIC,-38.180,145.110
3015,South Kingsville,VIC,-37.840,144.880
3205,South Melbourne,VIC,-37.930,145.030
3205,South Melbourne DC,VIC,-37.930,145.030
3752,South Morang,VIC,-37.650,145.100
3006,South Wharf,VIC,-37.820,144.970
3006,Southbank,VIC,-37.820,144.970
3192,Southland Centre,VIC,-37.960,145.060
3461,Spargo Creek,VIC,-37.390,144.220
3015,Spotswood,VIC,-37.840,144.880
3444,Spring Hill,VIC,-37.090,144.510
3434,Springfield,VIC,-37.390,144.640
3171,Springvale,VIC,-37.950,145.160
3172,Springvale South,VIC,-37.970,145.120
3021,St Albans,VIC,-37.750,144.770
3219,St Albans Park,VIC,-38.180,144.380
3941,St Andrews Beach,VIC,-38.370,144.820
3995,St Clair,VIC,-38.530,145.450
3088,St Helena,VIC,-37.710,145.120
3182,St Kilda,VIC,-37.870,144.980
3183,St Kilda East,VIC,-37.870,145.000
8004,St Kilda Road,VIC,-37.840,144.980
3004,St Kilda Road Central,VIC,-37.840,144.980
3182,St Kilda South,VIC,-37.870,144.980
3182,St Kilda West,VIC,-37.870,144.980
3223,St Leonards,VIC,-38.140,144.710
3221,Staughton Vale,VIC,-37.900,144.250
3775,Steels Creek,VIC,-37.650,145.320
3221,Stonehaven,VIC,-37.900,144.250
3957,Stony Creek,VIC,-37.940,145.270
3461,Strangways,VIC,-37.390,144.220
3658,Strath Creek,VIC,-37.200,145.050
3099,Strathewen,VIC,-37.590,145.220
3041,Strathmore,VIC,-37.740,144.910
3041,Strathmore Heights,VIC,-37.740,144.910
3950,Strzelecki,VIC,-38.450,145.880
3152,Studfield,VIC,-37.870,145.240
3221,Sugarloaf,VIC,-37.900,144.250
3658,Sugarloaf Creek,VIC,-37.200,145.050
3922,Summerlands,VIC,-38.450,145.240
3057,Sumner,VIC,-37.760,144.980
3429,Sunbury,VIC,-37.580,144.730
3658,Sunday Creek,VIC,-37.200,145.050
3922,Sunderland Bay,VIC,-38.450,145.240
3922,Sunset Strip,VIC,-38.450,145.240
3020,Sunshine,VIC,-37.780,144.820
3020,Sunshine North,VIC,-37.780,144.820
3020,Sunshine West,VIC,-37.780,144.820
3922,Surf Beach,VIC,-38.450,145.240
3127,Surrey Hills,VIC,-37.820,145.100
3127,Surrey Hills North,VIC,-37.820,145.100
3125,Surrey Hills South,VIC,-37.840,145.120
3448,Sutton Grange,VIC,-37.110,144.340
3225,Swan Bay,VIC,-38.290,144.610
3225,Swan Island,VIC,-38.290,144.610
3037,Sydenham,VIC,-37.720,144.780
3149,Syndal,VIC,-37.880,145.130
3714,Taggerty,VIC,-37.250,145.700
3659,Tallarook,VIC,-37.130,145.020
3833,Tanjil Bren,VIC,-37.840,145.850
3764,Tantaraboo,VIC,-37.310,144.890
3447,Taradale,VIC,-37.130,144.360
3451,Tarilta,VIC,-37.030,144.240
3029,Tarneit,VIC,-37.880,144.700
3775,Tarrawarra,VIC,-37.650,145.320
3037,Taylors Hill,VIC,-37.720,144.780
3038,Taylors Lakes,VIC,-37.730,144.810
3160,Tecoma,VIC,-37.910,145.360
3106,Templestowe,VIC,-37.770,145.120
3107,Templestowe Lower,VIC,-37.760,145.100
3984,Tenby Point,VIC,-38.320,145.540
3719,Terip Terip,VIC,-37.010,145.620
3154,The Basin,VIC,-37.850,145.310
3984,The Gurdies,VIC,-38.320,145.540
3792,The Patch,VIC,-37.890,145.390
3109,The Pines,VIC,-37.810,145.190
3074,Thomastown,VIC,-37.680,145.010
3219,Thomson,VIC,-38.180,144.380
3071,Thornbury,VIC,-37.760,145.000
3712,Thornton,VIC,-37.330,145.860
3797,Three Bridges,VIC,-37.860,145.710
3815,Tonimbuk,VIC,-38.100,145.720
3522,Tooborac,VIC,-37.130,144.750
3777,Toolangi,VIC,-37.690,145.540
3337,Toolern Vale,VIC,-37.680,144.590
3980,Tooradin,VIC,-38.210,145.340
3142,Toorak,VIC,-37.840,145.000
3833,Toorongo,VIC,-37.840,145.850
3941,Tootgarook,VIC,-38.370,144.820
3228,Torquay,VIC,-38.330,144.260
3012,Tottenham,VIC,-37.810,144.850
3032,Travancore,VIC,-37.780,144.920
3660,Trawool,VIC,-37.090,145.500
3785,Tremont,VIC,-38.270,144.490
3458,Trentham,VIC,-37.450,144.290
3458,Trentham East,VIC,-37.450,144.290
3029,Truganina,VIC,-37.880,144.700
3915,Tuerong,VIC,-38.310,145.190
3043,Tullamarine,VIC,-37.690,144.880
3109,Tunstall Square Po,VIC,-37.810,145.190
3658,Tyaak,VIC,-37.200,145.050
3913,Tyabb,VIC,-38.260,145.190
3444,Tylden,VIC,-37.090,144.510
3444,Tylden South,VIC,-37.090,144.510
3813,Tynong,VIC,-38.090,145.630
3813,Tynong North,VIC,-38.090,145.630
3010,University Of Melbourne,VIC,-37.800,144.960
3156,Upper Ferntree Gully,VIC,-37.880,145.300
3756,Upper Plenty,VIC,-37.400,144.800
3158,Upwey,VIC,-37.900,145.330
3451,Vaughan,VIC,-37.030,144.240
3922,Ventnor,VIC,-38.450,145.240
3133,Vermont,VIC,-37.840,145.190
3133,Vermont South,VIC,-37.840,145.190
3814,Vervale,VIC,-38.150,145.610
3833,Vesper,VIC,-37.840,145.850
3084,Viewbank,VIC,-37.740,145.090
3756,Wallan,VIC,-37.400,144.800
3221,Wallington,VIC,-37.900,144.250
3216,Wandana Heights,VIC,-38.180,144.340
3139,Wandin East,VIC,-37.800,145.540
3139,Wandin North,VIC,-37.800,145.540
3758,Wandong,VIC,-37.380,145.030
3152,Wantirna,VIC,-37.870,145.240
3152,Wantirna South,VIC,-37.870,145.240
3799,Warburton,VIC,-37.760,145.750
3980,Warneet,VIC,-38.210,145.340
3113,Warrandyte,VIC,-37.730,145.220
3134,Warrandyte South,VIC,-37.810,145.230
3134,Warranwood,VIC,-37.810,145.230
3658,Waterford Park,VIC,-37.200,145.050
3038,Watergardens,VIC,-37.730,144.810
3195,Waterways,VIC,-38.030,145.100
3087,Watsonia,VIC,-37.710,145.080
3087,Watsonia North,VIC,-37.710,145.080
3097,Watsons Creek,VIC,-37.700,145.280
3995,Wattle Bank,VIC,-38.530,145.450
3096,Wattle Glen,VIC,-37.670,145.190
3128,Wattle Park,VIC,-37.820,145.120
3145,Wattletree Road Po,VIC,-37.880,145.040
3216,Waurn Ponds,VIC,-38.180,144.340
3170,Waverley Gardens,VIC,-37.870,145.100
3186,Were Street Po,VIC,-37.910,144.990
3030,Werribee,VIC,-37.970,144.580
3030,Werribee South,VIC,-37.970,144.580
3799,Wesburn,VIC,-37.760,145.750
3992,West Creek,VIC,-38.490,145.620
3012,West Footscray,VIC,-37.810,144.850
3003,West Melbourne,VIC,-37.810,144.940
3049,Westmeadows,VIC,-37.670,144.890
3714,Whanregarwen,VIC,-37.250,145.700
3461,Wheatsheaf,VIC,-37.390,144.220
3150,Wheelers Hill,VIC,-37.880,145.170
3660,Whiteheads Creek,VIC,-37.090,145.500
3950,Whitelaw,VIC,-38.450,145.880
3219,Whittington,VIC,-38.180,144.380
3757,Whittlesea,VIC,-37.450,145.110
3429,Wildwood,VIC,-37.580,144.730
3027,Williams Landing,VIC,-37.860,144.760
3016,Williamstown,VIC,-37.860,144.900
3016,Williamstown North,VIC,-37.860,144.900
3764,Willowmavin,VIC,-37.310,144.890
3922,Wimbledon Heights,VIC,-38.450,145.240
3181,Windsor,VIC,-37.850,144.990
3189,Wishart,VIC,-37.930,145.040
3689,Wodonga,VIC,-37.680,144.990
3750,Wollert,VIC,-38.380,144.810
3115,Wonga Park,VIC,-37.740,145.270
3221,Wongarra,VIC,-37.900,144.250
3995,Wonthaggi,VIC,-38.530,145.450
3442,Woodend,VIC,-37.390,144.450
3442,Woodend North,VIC,-37.390,144.450
3945,Woodleigh,VIC,-37.970,145.160
3751,Woodstock,VIC,-37.690,144.890
3995,Woolamai,VIC,-38.530,145.450
3139,Woori Yallock,VIC,-37.800,145.540
3005,World Trade Centre,VIC,-37.820,144.950
3221,Wye River,VIC,-37.900,144.250
3024,Wyndham Vale,VIC,-37.900,144.560
3085,Yallambie,VIC,-37.730,145.070
3755,Yan Yean,VIC,-37.570,145.140
3461,Yandoit,VIC,-37.390,144.220
3461,Yandoit Hills,VIC,-37.390,144.220
3981,Yannathan,VIC,-38.180,145.570
3451,Yapeen,VIC,-37.030,144.240
3719,Yarck,VIC,-37.010,145.620
3775,Yarra Glen,VIC,-37.650,145.320
3797,Yarra Junction,VIC,-37.860,145.710
3091,Yarrambat,VIC,-37.640,145.130
3013,Yarraville,VIC,-37.820,144.890
3013,Yarraville West,VIC,-37.820,144.890
3717,Yea,VIC,-37.340,145.290
3139,Yellingbo,VIC,-37.800,145.540
3770,Yering,VIC,-37.720,145.380
3063,Yuroke,VIC,-37.630,144.840
